Store,ds,Predicted_Weekly_Sales
1,2012-11-02,111953144.34375232
1,2012-11-09,118341136.27425796
1,2012-11-16,123327384.8742858
1,2012-11-23,127024566.20583528
1,2012-11-30,130957309.56934908
1,2012-12-07,137280850.46092027
1,2012-12-14,143993569.1695148
1,2012-12-21,149198363.90914816
1,2012-12-28,138356552.815268
1,2013-01-04,118409765.64871061
1,2013-01-11,100445921.74247317
1,2013-01-18,98570530.81916009
1,2013-01-25,107014810.73752081
1,2013-02-01,122028844.40861319
1,2013-02-08,128842560.71379086
1,2013-02-15,130834094.40865675
1,2013-02-22,124530069.72745349
1,2013-03-01,120597550.2792468
1,2013-03-08,116151090.89234181
1,2013-03-15,118480911.79869278
1,2013-03-22,119438601.96098077
1,2013-03-29,120209233.56593743
1,2013-04-05,120654058.22991541
1,2013-04-12,120186802.80450368
1,2013-04-19,118478299.85143994
1,2013-04-26,119741503.70047925
1,2013-05-03,114101593.06235066
1,2013-05-10,120060221.8328845
1,2013-05-17,119976022.29703675
1,2013-05-24,120508558.81878501
1,2013-05-31,118363060.88735877
1,2013-06-07,119833141.49415936
1,2013-06-14,117162050.65101556
1,2013-06-21,115901933.5840922
1,2013-06-28,114687931.44101858
1,2013-07-05,115299022.4937259
1,2013-07-12,111380709.29408641
1,2013-07-19,110925336.88947584
1,2013-07-26,111978365.9055328
2,2012-11-02,137503353.0371855
2,2012-11-09,149319223.4098288
2,2012-11-16,153941585.64415476
2,2012-11-23,156894408.01920828
2,2012-11-30,162894233.7053544
2,2012-12-07,177040473.32022664
2,2012-12-14,195976399.53574425
2,2012-12-21,202534813.5551507
2,2012-12-28,181821382.38443518
2,2013-01-04,149791296.86720446
2,2013-01-11,121888588.94127047
2,2013-01-18,116629469.7834591
2,2013-01-25,128166458.45477583
2,2013-02-01,145086965.09085706
2,2013-02-08,155162064.11015952
2,2013-02-15,152760131.3876182
2,2013-02-22,149092181.85386166
2,2013-03-01,141823922.01205346
2,2013-03-08,140836273.92975864
2,2013-03-15,139392866.5853719
2,2013-03-22,137436069.49162194
2,2013-03-29,137207009.14070183
2,2013-04-05,141132303.08632547
2,2013-04-12,140600724.02266884
2,2013-04-19,140939013.63139015
2,2013-04-26,137469208.0327273
2,2013-05-03,135973631.9478624
2,2013-05-10,138228783.86904672
2,2013-05-17,142022470.46619052
2,2013-05-24,142155155.80016288
2,2013-05-31,142289739.83346587
2,2013-06-07,142650750.47775605
2,2013-06-14,144313340.58605948
2,2013-06-21,143303418.06347653
2,2013-06-28,143309561.92551306
2,2013-07-05,140639950.24242985
2,2013-07-12,132827821.2810259
2,2013-07-19,133808427.98999779
2,2013-07-26,137077064.48964858
3,2012-11-02,27550708.352131497
3,2012-11-09,29226370.242152978
3,2012-11-16,30466356.26014702
3,2012-11-23,32841559.501751292
3,2012-11-30,32554321.56205778
3,2012-12-07,34974489.063952
3,2012-12-14,35915773.932660565
3,2012-12-21,35874901.15232016
3,2012-12-28,33670754.46544608
3,2013-01-04,29273255.227892175
3,2013-01-11,25822127.123281248
3,2013-01-18,24809829.270843435
3,2013-01-25,26506678.205717534
3,2013-02-01,29553155.227161385
3,2013-02-08,31479205.427462053
3,2013-02-15,32008049.862529665
3,2013-02-22,31439858.543317944
3,2013-03-01,29987414.23256718
3,2013-03-08,29147587.237607837
3,2013-03-15,28218880.547428593
3,2013-03-22,28151299.293970883
3,2013-03-29,28331442.775738843
3,2013-04-05,28915842.76929469
3,2013-04-12,28289509.466181297
3,2013-04-19,28801066.815170087
3,2013-04-26,27619246.83419508
3,2013-05-03,28553296.97626468
3,2013-05-10,27872186.46490898
3,2013-05-17,28824827.42214503
3,2013-05-24,28195615.36508212
3,2013-05-31,28092977.345324893
3,2013-06-07,29248184.725360468
3,2013-06-14,28329493.84241989
3,2013-06-21,29356036.386276696
3,2013-06-28,28420636.93178853
3,2013-07-05,28573788.312869895
3,2013-07-12,27314417.51205977
3,2013-07-19,27045619.98405235
3,2013-07-26,27377869.501131453
4,2012-11-02,165329781.41321656
4,2012-11-09,174682158.97929722
4,2012-11-16,177455892.6676736
4,2012-11-23,184064454.5917783
4,2012-11-30,189349066.10074598
4,2012-12-07,206145403.90482956
4,2012-12-14,213588447.31861293
4,2012-12-21,220062743.31964833
4,2012-12-28,202015462.52786967
4,2013-01-04,172576370.00062102
4,2013-01-11,146362320.15467933
4,2013-01-18,139436039.4439639
4,2013-01-25,151448531.91300654
4,2013-02-01,171935705.66583467
4,2013-02-08,181188114.529925
4,2013-02-15,179567526.73226446
4,2013-02-22,171551547.82295665
4,2013-03-01,167940546.86463156
4,2013-03-08,166274333.91897848
4,2013-03-15,164094734.64285332
4,2013-03-22,161425011.48151398
4,2013-03-29,162907436.61280176
4,2013-04-05,164767127.73745427
4,2013-04-12,166691131.92272127
4,2013-04-19,165980680.21365067
4,2013-04-26,163412009.52521488
4,2013-05-03,162256687.24922433
4,2013-05-10,164031048.24947894
4,2013-05-17,168943154.1182947
4,2013-05-24,167221485.05031663
4,2013-05-31,165953126.7185824
4,2013-06-07,165508908.6873428
4,2013-06-14,164906741.40434596
4,2013-06-21,166706444.49782214
4,2013-06-28,165778427.1296386
4,2013-07-05,162303777.44404992
4,2013-07-12,164040977.87024465
4,2013-07-19,160083899.94962093
4,2013-07-26,165315441.93430495
5,2012-11-02,20820106.14213824
5,2012-11-09,22679981.633670803
5,2012-11-16,24573221.98525304
5,2012-11-23,27267415.660868194
5,2012-11-30,26418056.436816365
5,2012-12-07,26458803.866439663
5,2012-12-14,27106601.684678722
5,2012-12-21,27825973.43791872
5,2012-12-28,26692842.832019202
5,2013-01-04,23331915.66998128
5,2013-01-11,19524330.289944958
5,2013-01-18,18892379.36342414
5,2013-01-25,19548032.328485776
5,2013-02-01,21298888.826426208
5,2013-02-08,24034466.792794336
5,2013-02-15,24287103.9457653
5,2013-02-22,23102021.65534915
5,2013-03-01,21524791.11637707
5,2013-03-08,21857201.59010583
5,2013-03-15,21644335.676921498
5,2013-03-22,21023969.759562008
5,2013-03-29,22299098.512141734
5,2013-04-05,22799427.74997656
5,2013-04-12,22141213.135078475
5,2013-04-19,22800314.80227751
5,2013-04-26,22212273.870691452
5,2013-05-03,21341243.254014835
5,2013-05-10,21391917.132062495
5,2013-05-17,22585281.98418995
5,2013-05-24,23287651.215601154
5,2013-05-31,22787168.63401152
5,2013-06-07,21382773.248897363
5,2013-06-14,22350530.258320846
5,2013-06-21,21052956.556480657
5,2013-06-28,21365764.69462638
5,2013-07-05,21625458.98385249
5,2013-07-12,20346968.185349148
5,2013-07-19,20364751.355195526
5,2013-07-26,20384156.779870376
6,2012-11-02,106506670.82272314
6,2012-11-09,116032443.87170722
6,2012-11-16,123790260.87560897
6,2012-11-23,131668445.66117662
6,2012-11-30,137213509.66310292
6,2012-12-07,146651339.28997013
6,2012-12-14,157759416.30362165
6,2012-12-21,162590004.85743412
6,2012-12-28,148040757.75208613
6,2013-01-04,118875406.84079218
6,2013-01-11,93549607.51854509
6,2013-01-18,89427454.33769126
6,2013-01-25,97375018.31881519
6,2013-02-01,113329942.67084977
6,2013-02-08,119262664.30641663
6,2013-02-15,117121124.76468237
6,2013-02-22,110636505.70354027
6,2013-03-01,110033841.0537096
6,2013-03-08,115154839.8260634
6,2013-03-15,116672750.84935105
6,2013-03-22,117095699.0895522
6,2013-03-29,114787745.75017406
6,2013-04-05,116827998.77113038
6,2013-04-12,117316899.04741614
6,2013-04-19,116933544.20115428
6,2013-04-26,114257722.69554245
6,2013-05-03,109802068.89142856
6,2013-05-10,109934910.91599597
6,2013-05-17,114883202.7473164
6,2013-05-24,118774267.76155825
6,2013-05-31,121320587.625786
6,2013-06-07,123180265.48529081
6,2013-06-14,121994436.52719252
6,2013-06-21,122021024.8751122
6,2013-06-28,123037686.14150861
6,2013-07-05,123240446.97161391
6,2013-07-12,118247973.87571292
6,2013-07-19,117233751.21444932
6,2013-07-26,114431192.41268274
7,2012-11-02,38034738.52876493
7,2012-11-09,41427777.010617174
7,2012-11-16,46694940.152874924
7,2012-11-23,49199495.39840656
7,2012-11-30,49606292.38665255
7,2012-12-07,51150244.204045855
7,2012-12-14,56985366.81536831
7,2012-12-21,62338933.28718416
7,2012-12-28,64841724.44323158
7,2013-01-04,57757581.10269069
7,2013-01-11,46439290.28156076
7,2013-01-18,38616081.277001485
7,2013-01-25,38325257.371356815
7,2013-02-01,42995637.91713381
7,2013-02-08,45003886.469196066
7,2013-02-15,43058130.59932123
7,2013-02-22,41149696.55462365
7,2013-03-01,41051832.99008613
7,2013-03-08,43282758.219503164
7,2013-03-15,45242252.160789736
7,2013-03-22,46067154.23404769
7,2013-03-29,42985916.71014766
7,2013-04-05,38823605.26877767
7,2013-04-12,37296703.719618484
7,2013-04-19,35594431.89272202
7,2013-04-26,34522954.740073524
7,2013-05-03,31192009.92350916
7,2013-05-10,32483707.437266007
7,2013-05-17,33678536.4046116
7,2013-05-24,36299189.260406755
7,2013-05-31,38343860.96327941
7,2013-06-07,42171548.038377374
7,2013-06-14,44533851.95875729
7,2013-06-21,47488069.65984647
7,2013-06-28,48404508.76231331
7,2013-07-05,48933242.40985861
7,2013-07-12,49435984.53362605
7,2013-07-19,48561828.588248186
7,2013-07-26,48800066.498503625
8,2012-11-02,63668500.7140542
8,2012-11-09,68484630.65444645
8,2012-11-16,71655322.98998398
8,2012-11-23,73502002.37181418
8,2012-11-30,75038619.44335769
8,2012-12-07,81229459.72535403
8,2012-12-14,85441268.08832493
8,2012-12-21,86077997.2337424
8,2012-12-28,81129023.56113556
8,2013-01-04,65555937.163280316
8,2013-01-11,55492456.28915519
8,2013-01-18,54773011.85508567
8,2013-01-25,59400126.598381124
8,2013-02-01,67339637.08610044
8,2013-02-08,73480727.15990053
8,2013-02-15,72923468.29421698
8,2013-02-22,70480443.65934303
8,2013-03-01,67470846.86913215
8,2013-03-08,65124069.911042474
8,2013-03-15,64695366.168093026
8,2013-03-22,62736943.81243847
8,2013-03-29,63868683.01975256
8,2013-04-05,65425283.705745034
8,2013-04-12,67038634.812145926
8,2013-04-19,67111110.5394696
8,2013-04-26,64569509.68264423
8,2013-05-03,63700786.96831525
8,2013-05-10,63125993.34447228
8,2013-05-17,65852842.65206652
8,2013-05-24,65405875.77450349
8,2013-05-31,65498579.43940603
8,2013-06-07,65664422.723848864
8,2013-06-14,66858379.26775575
8,2013-06-21,65585717.12972149
8,2013-06-28,64373479.83247193
8,2013-07-05,63789209.80776316
8,2013-07-12,62942267.14882436
8,2013-07-19,61147724.88210389
8,2013-07-26,63169578.19042982
9,2012-11-02,35812358.14169599
9,2012-11-09,39688962.87145433
9,2012-11-16,41261232.87836646
9,2012-11-23,41686308.16619816
9,2012-11-30,42764460.64277589
9,2012-12-07,47171818.39483734
9,2012-12-14,49082393.52003983
9,2012-12-21,50077574.00765883
9,2012-12-28,46609206.343360595
9,2013-01-04,39309173.52313629
9,2013-01-11,32619856.625897698
9,2013-01-18,30608230.288638044
9,2013-01-25,33067598.58742619
9,2013-02-01,36875436.3349465
9,2013-02-08,40237667.29164029
9,2013-02-15,41720019.72893902
9,2013-02-22,38552833.46539633
9,2013-03-01,37886980.67676986
9,2013-03-08,37740570.23999682
9,2013-03-15,36910856.405494995
9,2013-03-22,36563042.389423355
9,2013-03-29,36104933.55199196
9,2013-04-05,36953695.28974021
9,2013-04-12,38460943.549986094
9,2013-04-19,38409390.95100473
9,2013-04-26,36193063.3298437
9,2013-05-03,35830090.4675485
9,2013-05-10,36462200.83602252
9,2013-05-17,38099094.571896374
9,2013-05-24,36805661.41209202
9,2013-05-31,36730695.49041138
9,2013-06-07,36481671.44695803
9,2013-06-14,38878617.740201175
9,2013-06-21,37529521.528695144
9,2013-06-28,36938664.84204407
9,2013-07-05,35885841.65853512
9,2013-07-12,34311309.58890907
9,2013-07-19,36060271.34704149
9,2013-07-26,35459764.71904911
10,2012-11-02,130410812.33802228
10,2012-11-09,140881626.9455757
10,2012-11-16,151009798.97533622
10,2012-11-23,160256205.90765712
10,2012-11-30,172245224.2644126
10,2012-12-07,190947983.28366214
10,2012-12-14,201127516.4825216
10,2012-12-21,198670909.39469323
10,2012-12-28,178742890.19578147
10,2013-01-04,139999986.26826736
10,2013-01-11,110678529.2632953
10,2013-01-18,104084443.51359296
10,2013-01-25,121879387.13066612
10,2013-02-01,136606185.16929346
10,2013-02-08,153835645.6333863
10,2013-02-15,150956077.42727515
10,2013-02-22,142844934.7773437
10,2013-03-01,138088502.555008
10,2013-03-08,135633357.47201636
10,2013-03-15,135549415.73529822
10,2013-03-22,133977048.89588441
10,2013-03-29,132619112.91678375
10,2013-04-05,136844924.7380231
10,2013-04-12,137812858.46622267
10,2013-04-19,134740882.2020631
10,2013-04-26,125594788.77610178
10,2013-05-03,123774001.25356601
10,2013-05-10,124290471.30066709
10,2013-05-17,128618003.15646656
10,2013-05-24,127829633.4706318
10,2013-05-31,124698204.18632355
10,2013-06-07,121476019.88672303
10,2013-06-14,121543535.40548748
10,2013-06-21,123759001.48360173
10,2013-06-28,124348860.42194745
10,2013-07-05,125441656.93903552
10,2013-07-12,121452084.90588823
10,2013-07-19,124542132.55896527
10,2013-07-26,127681484.77902794
11,2012-11-02,95941693.1775785
11,2012-11-09,101987358.55739884
11,2012-11-16,105201367.86021203
11,2012-11-23,106721826.38082616
11,2012-11-30,110171537.43241003
11,2012-12-07,122734012.81418863
11,2012-12-14,134217797.64215612
11,2012-12-21,137984513.2912897
11,2012-12-28,124828308.20491202
11,2013-01-04,102737904.64630502
11,2013-01-11,82755390.90054871
11,2013-01-18,78336196.59355935
11,2013-01-25,88827576.03866148
11,2013-02-01,102983232.98149987
11,2013-02-08,110525062.40727781
11,2013-02-15,110780115.73754112
11,2013-02-22,108816156.14097326
11,2013-03-01,102413998.7373056
11,2013-03-08,101519361.00193997
11,2013-03-15,98361828.30883303
11,2013-03-22,97499498.23185341
11,2013-03-29,98333218.32976034
11,2013-04-05,101875199.17899914
11,2013-04-12,103195050.26169957
11,2013-04-19,101917373.48903242
11,2013-04-26,98606230.28724514
11,2013-05-03,95661192.24073331
11,2013-05-10,94893210.06810006
11,2013-05-17,96022721.39641586
11,2013-05-24,96187804.81301749
11,2013-05-31,98604383.78614591
11,2013-06-07,99310534.1703294
11,2013-06-14,97115503.71794158
11,2013-06-21,100065445.05068702
11,2013-06-28,97805571.4024399
11,2013-07-05,96243548.4375391
11,2013-07-12,94952504.06370784
11,2013-07-19,94738171.753635
11,2013-07-26,95740454.77594148
12,2012-11-02,65401905.11727369
12,2012-11-09,72799749.8811467
12,2012-11-16,81008494.80042535
12,2012-11-23,80316682.51037855
12,2012-11-30,84554821.75539245
12,2012-12-07,86026415.62570542
12,2012-12-14,95747936.48210736
12,2012-12-21,96034062.5145115
12,2012-12-28,87125210.7289126
12,2013-01-04,70033154.68454355
12,2013-01-11,56652274.901499
12,2013-01-18,54199544.46314007
12,2013-01-25,61684168.170629844
12,2013-02-01,71732689.65040961
12,2013-02-08,76979903.8208877
12,2013-02-15,81915709.2359345
12,2013-02-22,79389413.2583533
12,2013-03-01,76636316.27095693
12,2013-03-08,75048343.10678005
12,2013-03-15,72860034.42501062
12,2013-03-22,71754653.40221816
12,2013-03-29,71170640.0400639
12,2013-04-05,71570371.0356963
12,2013-04-12,73406796.14200893
12,2013-04-19,72377007.8556705
12,2013-04-26,71523705.53147124
12,2013-05-03,70557370.81352563
12,2013-05-10,71181976.26862243
12,2013-05-17,71117498.95891474
12,2013-05-24,70973306.80485605
12,2013-05-31,69847500.12374267
12,2013-06-07,71302180.90939514
12,2013-06-14,71939667.71638426
12,2013-06-21,69646388.1894439
12,2013-06-28,69154131.64654084
12,2013-07-05,68086530.820815
12,2013-07-12,66919818.65982692
12,2013-07-19,67064756.861591995
12,2013-07-26,66536448.424600996
13,2012-11-02,153249751.3878644
13,2012-11-09,159965655.92604184
13,2012-11-16,167532904.80875018
13,2012-11-23,168716493.93709978
13,2012-11-30,178374693.37498435
13,2012-12-07,200166626.3022623
13,2012-12-14,215978819.69485852
13,2012-12-21,220035886.63658786
13,2012-12-28,196087348.2654499
13,2013-01-04,156719859.50463676
13,2013-01-11,127017587.94668126
13,2013-01-18,121623180.9009095
13,2013-01-25,134010222.02161084
13,2013-02-01,151086058.89371854
13,2013-02-08,155540238.38465866
13,2013-02-15,155924594.1972198
13,2013-02-22,152251610.91906515
13,2013-03-01,148563475.62326983
13,2013-03-08,148096666.96312788
13,2013-03-15,147322546.33980253
13,2013-03-22,147383164.4905016
13,2013-03-29,151982458.7333811
13,2013-04-05,155707860.30433267
13,2013-04-12,157176290.52329573
13,2013-04-19,155135924.9509079
13,2013-04-26,150211053.68668813
13,2013-05-03,151982193.32284793
13,2013-05-10,151925221.95842057
13,2013-05-17,155455591.68144026
13,2013-05-24,154823033.7394349
13,2013-05-31,154422051.53106493
13,2013-06-07,157038366.46325797
13,2013-06-14,161667947.6164443
13,2013-06-21,164055282.49051464
13,2013-06-28,157253650.20495766
13,2013-07-05,156863787.95421648
13,2013-07-12,149711071.60544348
13,2013-07-19,154190684.65824068
13,2013-07-26,150928279.89195797
14,2012-11-02,121013085.90346266
14,2012-11-09,128975658.29381283
14,2012-11-16,132547028.3961584
14,2012-11-23,139331154.8729965
14,2012-11-30,142526584.5979282
14,2012-12-07,166777060.0828778
14,2012-12-14,183511348.382052
14,2012-12-21,177703868.65695655
14,2012-12-28,151469907.72035554
14,2013-01-04,118009989.11712676
14,2013-01-11,90639591.21330816
14,2013-01-18,86770528.5941525
14,2013-01-25,99117149.32142338
14,2013-02-01,113679963.6147933
14,2013-02-08,117245674.88551903
14,2013-02-15,115344217.95794298
14,2013-02-22,107965117.27823816
14,2013-03-01,112596675.56112199
14,2013-03-08,112861865.57186231
14,2013-03-15,110249222.99726123
14,2013-03-22,108433343.62375873
14,2013-03-29,113133504.12981044
14,2013-04-05,117954154.66901702
14,2013-04-12,121009131.28928743
14,2013-04-19,116758801.64106569
14,2013-04-26,112725210.70155898
14,2013-05-03,109914824.12406011
14,2013-05-10,109490953.18875559
14,2013-05-17,116033812.39433014
14,2013-05-24,118283426.99016432
14,2013-05-31,115362046.93468612
14,2013-06-07,113765861.95675091
14,2013-06-14,115414210.1276418
14,2013-06-21,111782153.60971895
14,2013-06-28,108518699.7265742
14,2013-07-05,107446406.528179
14,2013-07-12,102701421.67853434
14,2013-07-19,99996522.92823295
14,2013-07-26,100560601.02410866
15,2012-11-02,37332321.18212433
15,2012-11-09,42537329.59569515
15,2012-11-16,47262567.00293543
15,2012-11-23,52542671.7146029
15,2012-11-30,55609939.49981226
15,2012-12-07,60780168.14561155
15,2012-12-14,67533293.3879884
15,2012-12-21,66301821.24620182
15,2012-12-28,56490027.0617645
15,2013-01-04,41192853.53645176
15,2013-01-11,28839028.127746027
15,2013-01-18,25217232.393950112
15,2013-01-25,30507119.48894835
15,2013-02-01,37756218.382693745
15,2013-02-08,40688473.52561746
15,2013-02-15,40135549.45141102
15,2013-02-22,37571879.23917766
15,2013-03-01,36467495.24689491
15,2013-03-08,36738250.127726406
15,2013-03-15,35843361.24618781
15,2013-03-22,36224517.60259895
15,2013-03-29,36390122.95049042
15,2013-04-05,38764116.57362602
15,2013-04-12,39561840.923805274
15,2013-04-19,38846864.64955027
15,2013-04-26,37248072.773796074
15,2013-05-03,36216168.35072877
15,2013-05-10,37373307.10060905
15,2013-05-17,41680091.217056565
15,2013-05-24,42378557.655832194
15,2013-05-31,43226357.412664436
15,2013-06-07,41432081.590035565
15,2013-06-14,41464759.58687135
15,2013-06-21,42736739.563232966
15,2013-06-28,43500014.417220116
15,2013-07-05,41907065.06116965
15,2013-07-12,39899231.495533615
15,2013-07-19,38919349.30119546
15,2013-07-26,37824400.40079046
16,2012-11-02,36090461.583450235
16,2012-11-09,35128282.41943758
16,2012-11-16,36126663.778198905
16,2012-11-23,37107220.54166699
16,2012-11-30,38942198.27734005
16,2012-12-07,43036062.29577824
16,2012-12-14,48880786.80410764
16,2012-12-21,55430549.51652044
16,2012-12-28,53381606.25755137
16,2013-01-04,45457474.59114656
16,2013-01-11,35973054.934793025
16,2013-01-18,29695277.555326648
16,2013-01-25,29680656.994893894
16,2013-02-01,33886473.89826619
16,2013-02-08,35145080.94981081
16,2013-02-15,35897730.33552616
16,2013-02-22,32281435.178313833
16,2013-03-01,32008261.609414503
16,2013-03-08,32778879.25077354
16,2013-03-15,35057659.30194433
16,2013-03-22,35044504.94374992
16,2013-03-29,33414641.78537076
16,2013-04-05,32077638.945343025
16,2013-04-12,30837410.727592953
16,2013-04-19,29441559.617867187
16,2013-04-26,27644103.59317677
16,2013-05-03,27235410.21907771
16,2013-05-10,28958341.33501805
16,2013-05-17,30143572.3859717
16,2013-05-24,33647944.68137042
16,2013-05-31,35434710.34800288
16,2013-06-07,36787735.91781145
16,2013-06-14,37783058.18596006
16,2013-06-21,39432716.16865005
16,2013-06-28,40377042.87573025
16,2013-07-05,40234036.002501056
16,2013-07-12,39604628.19693312
16,2013-07-19,38689716.286578044
16,2013-07-26,38046458.40161261
17,2012-11-02,66507607.883746214
17,2012-11-09,66825419.02288918
17,2012-11-16,69061636.33000523
17,2012-11-23,72932481.83673705
17,2012-11-30,73140591.58772403
17,2012-12-07,75441904.26562655
17,2012-12-14,77240530.35941121
17,2012-12-21,79286859.94642112
17,2012-12-28,80950354.47224672
17,2013-01-04,74339822.53863323
17,2013-01-11,66063258.16408999
17,2013-01-18,58340381.589068666
17,2013-01-25,57931132.70934905
17,2013-02-01,62338041.46142289
17,2013-02-08,63600622.932828
17,2013-02-15,65638293.813170366
17,2013-02-22,62919213.542674266
17,2013-03-01,60809247.11228913
17,2013-03-08,60905188.97123119
17,2013-03-15,62039189.593810946
17,2013-03-22,61716988.386898294
17,2013-03-29,62917812.78025587
17,2013-04-05,66166706.764082365
17,2013-04-12,68807092.43404779
17,2013-04-19,71130520.47818469
17,2013-04-26,68576624.48673923
17,2013-05-03,69495241.62663108
17,2013-05-10,68283942.06201604
17,2013-05-17,65073878.00713232
17,2013-05-24,69361482.59636684
17,2013-05-31,68750894.9834016
17,2013-06-07,68474281.30577394
17,2013-06-14,69918536.99335626
17,2013-06-21,72459609.22101748
17,2013-06-28,71596706.73524618
17,2013-07-05,72311265.83068314
17,2013-07-12,68798993.37241668
17,2013-07-19,69612931.76353596
17,2013-07-26,67693659.72121124
18,2012-11-02,75971722.13188536
18,2012-11-09,80074698.4064312
18,2012-11-16,84045442.38093862
18,2012-11-23,89374741.39699279
18,2012-11-30,97526639.85065667
18,2012-12-07,107740698.27190849
18,2012-12-14,116166422.58977874
18,2012-12-21,116199836.6167877
18,2012-12-28,96795252.34983394
18,2013-01-04,75513557.22019592
18,2013-01-11,60390372.98654363
18,2013-01-18,57637600.516570866
18,2013-01-25,64194320.42136464
18,2013-02-01,75287261.66034065
18,2013-02-08,81007939.95304543
18,2013-02-15,78558387.5302861
18,2013-02-22,78047024.94995663
18,2013-03-01,74892273.8654419
18,2013-03-08,75051837.24428713
18,2013-03-15,74486178.36949939
18,2013-03-22,73423058.27211119
18,2013-03-29,73748745.67073257
18,2013-04-05,75965516.41826805
18,2013-04-12,77975298.96710993
18,2013-04-19,76371778.71273449
18,2013-04-26,76104968.86587949
18,2013-05-03,73479243.99389365
18,2013-05-10,74955518.86920239
18,2013-05-17,78392392.44182901
18,2013-05-24,79806860.91452497
18,2013-05-31,81319202.40360749
18,2013-06-07,80577833.2340723
18,2013-06-14,79429463.77211696
18,2013-06-21,81562259.46912628
18,2013-06-28,81991950.99750936
18,2013-07-05,80677509.33624981
18,2013-07-12,75742395.24431002
18,2013-07-19,74258947.05631213
18,2013-07-26,71656732.4386481
19,2012-11-02,99186170.59457318
19,2012-11-09,107727041.50111665
19,2012-11-16,108718052.88999268
19,2012-11-23,112907676.93177444
19,2012-11-30,116154861.41091289
19,2012-12-07,128738414.45810081
19,2012-12-14,142597898.52079487
19,2012-12-21,144333565.36382267
19,2012-12-28,128879943.62344046
19,2013-01-04,96684448.58216967
19,2013-01-11,76642002.42128721
19,2013-01-18,74125695.39103553
19,2013-01-25,86192519.4698826
19,2013-02-01,99114289.76675798
19,2013-02-08,102549062.88059044
19,2013-02-15,96578573.18654977
19,2013-02-22,94620086.04030617
19,2013-03-01,92586027.38230076
19,2013-03-08,95012967.30251816
19,2013-03-15,92155486.28267781
19,2013-03-22,91239135.71363717
19,2013-03-29,94991599.60641257
19,2013-04-05,99635823.38146792
19,2013-04-12,101829650.92494173
19,2013-04-19,97786335.52916686
19,2013-04-26,94793360.92123707
19,2013-05-03,95224344.17524649
19,2013-05-10,99001322.83370104
19,2013-05-17,103254924.97721383
19,2013-05-24,102303017.00000162
19,2013-05-31,99645124.06116515
19,2013-06-07,96650081.53810838
19,2013-06-14,99681494.49190652
19,2013-06-21,103937763.65801819
19,2013-06-28,101605302.35785067
19,2013-07-05,100676981.56697702
19,2013-07-12,99090826.76873215
19,2013-07-19,95861997.49482395
19,2013-07-26,95747152.44506842
20,2012-11-02,158138399.0134948
20,2012-11-09,166468353.7144446
20,2012-11-16,168168596.84215942
20,2012-11-23,176171085.8865397
20,2012-11-30,178833351.55401132
20,2012-12-07,203324797.52168727
20,2012-12-14,214303249.8977138
20,2012-12-21,217755406.40942064
20,2012-12-28,191072184.20587444
20,2013-01-04,152106053.33579728
20,2013-01-11,125067636.00040367
20,2013-01-18,123844320.53563671
20,2013-01-25,138922381.9263566
20,2013-02-01,160524654.83732703
20,2013-02-08,168590640.26951593
20,2013-02-15,162085539.67150643
20,2013-02-22,156351257.13658592
20,2013-03-01,149107755.3146028
20,2013-03-08,149432759.18012366
20,2013-03-15,146535528.5990464
20,2013-03-22,146572298.23570445
20,2013-03-29,150917979.83113867
20,2013-04-05,154503276.21640986
20,2013-04-12,155839547.59321275
20,2013-04-19,154959692.2843555
20,2013-04-26,150027127.0811395
20,2013-05-03,148084537.02463126
20,2013-05-10,148766049.2523518
20,2013-05-17,155269318.26042265
20,2013-05-24,155150987.05482864
20,2013-05-31,156669839.00664163
20,2013-06-07,156056683.43077192
20,2013-06-14,155098849.3660565
20,2013-06-21,156660908.36954385
20,2013-06-28,156157639.91119018
20,2013-07-05,155681416.94419962
20,2013-07-12,150886650.2125663
20,2013-07-19,147500483.29769996
20,2013-07-26,150931182.28739226
21,2012-11-02,46840102.44224836
21,2012-11-09,52937450.62448914
21,2012-11-16,56069261.08029961
21,2012-11-23,57862218.001364745
21,2012-11-30,61324186.362066574
21,2012-12-07,69078265.70858866
21,2012-12-14,74877744.41216815
21,2012-12-21,75474315.43786106
21,2012-12-28,66596820.955031365
21,2013-01-04,51929968.37238828
21,2013-01-11,39653040.515604116
21,2013-01-18,35786952.267834745
21,2013-01-25,39827062.886099964
21,2013-02-01,45772759.06425604
21,2013-02-08,50067053.687035106
21,2013-02-15,51078156.69411443
21,2013-02-22,50475931.95349513
21,2013-03-01,50461640.25357022
21,2013-03-08,49571218.50116887
21,2013-03-15,47574154.34720137
21,2013-03-22,47201734.19011602
21,2013-03-29,46546877.39650909
21,2013-04-05,48279642.154629946
21,2013-04-12,48310976.402511366
21,2013-04-19,48463116.875113524
21,2013-04-26,45570389.22471197
21,2013-05-03,44454211.52178017
21,2013-05-10,45816473.14607427
21,2013-05-17,46000105.83143915
21,2013-05-24,47696855.10303524
21,2013-05-31,47857847.08455121
21,2013-06-07,47919234.90543762
21,2013-06-14,49130244.776507914
21,2013-06-21,49530443.03103054
21,2013-06-28,46873567.43839912
21,2013-07-05,44118845.97815663
21,2013-07-12,44107372.61852322
21,2013-07-19,44215619.52329176
21,2013-07-26,44047845.13912864
22,2012-11-02,71191878.36475986
22,2012-11-09,73388770.37169488
22,2012-11-16,77038336.36074643
22,2012-11-23,81604148.96038485
22,2012-11-30,86325361.34954639
22,2012-12-07,98202082.16123332
22,2012-12-14,105981123.34561892
22,2012-12-21,103130891.29391688
22,2012-12-28,86538876.62077764
22,2013-01-04,66448406.09305191
22,2013-01-11,52434944.41387785
22,2013-01-18,51238825.00779275
22,2013-01-25,57371079.51543746
22,2013-02-01,63923629.053920366
22,2013-02-08,66532306.80398809
22,2013-02-15,66947811.4852812
22,2013-02-22,63996697.59679678
22,2013-03-01,63836789.96172118
22,2013-03-08,64699779.26706754
22,2013-03-15,65232161.52288574
22,2013-03-22,64693304.440200664
22,2013-03-29,67059680.76868584
22,2013-04-05,69107263.96834263
22,2013-04-12,70026103.15460257
22,2013-04-19,68664636.7868333
22,2013-04-26,66167529.5170765
22,2013-05-03,63956396.32537394
22,2013-05-10,67042368.14953613
22,2013-05-17,69456359.87539299
22,2013-05-24,69191490.6111427
22,2013-05-31,71988367.54106688
22,2013-06-07,70258265.23738274
22,2013-06-14,72061842.57176001
22,2013-06-21,73730723.83930916
22,2013-06-28,71068202.49626794
22,2013-07-05,68300814.63580629
22,2013-07-12,68146407.4632327
22,2013-07-19,66137817.35096782
22,2013-07-26,65713041.51424206
23,2012-11-02,94742629.58099878
23,2012-11-09,103374094.7951013
23,2012-11-16,106994141.0106025
23,2012-11-23,113882258.03793035
23,2012-11-30,123901815.89006403
23,2012-12-07,148478633.639185
23,2012-12-14,156681793.473333
23,2012-12-21,155161472.8531076
23,2012-12-28,129611333.60345575
23,2013-01-04,95476992.80336706
23,2013-01-11,72310057.12481949
23,2013-01-18,67843722.83296186
23,2013-01-25,81667410.92699786
23,2013-02-01,92529338.6256656
23,2013-02-08,95352869.83077697
23,2013-02-15,96363884.50717433
23,2013-02-22,94281391.68366536
23,2013-03-01,94135414.6353669
23,2013-03-08,95388000.81525585
23,2013-03-15,94111764.33222395
23,2013-03-22,90955780.62718499
23,2013-03-29,91930380.06023854
23,2013-04-05,95716457.15275747
23,2013-04-12,98733608.00641274
23,2013-04-19,96435701.27287747
23,2013-04-26,92854299.78558917
23,2013-05-03,92067467.36358456
23,2013-05-10,96687007.60901454
23,2013-05-17,103182298.86033456
23,2013-05-24,104278544.90694413
23,2013-05-31,105233181.92995271
23,2013-06-07,110177601.10907504
23,2013-06-14,108148579.25026591
23,2013-06-21,110799499.06983683
23,2013-06-28,105383944.37429537
23,2013-07-05,102804812.85478301
23,2013-07-12,102561236.70289837
23,2013-07-19,98201111.67309758
23,2013-07-26,99169047.00181969
24,2012-11-02,93578265.8262227
24,2012-11-09,98320034.07992837
24,2012-11-16,102747159.12550756
24,2012-11-23,105026339.31503183
24,2012-11-30,106634839.13458991
24,2012-12-07,115945580.13523713
24,2012-12-14,126381216.56483795
24,2012-12-21,130609193.94248608
24,2012-12-28,119346385.239223
24,2013-01-04,100214544.0521134
24,2013-01-11,80535660.69490546
24,2013-01-18,73702258.57179508
24,2013-01-25,78444416.22457723
24,2013-02-01,92167616.70317334
24,2013-02-08,98325273.4341273
24,2013-02-15,95839657.7238318
24,2013-02-22,93620974.79707932
24,2013-03-01,90748310.69228363
24,2013-03-08,90768947.25293031
24,2013-03-15,89973158.52771185
24,2013-03-22,89719462.4181605
24,2013-03-29,87633378.99737948
24,2013-04-05,93394056.33143096
24,2013-04-12,96421329.51201361
24,2013-04-19,95578279.43824223
24,2013-04-26,91549724.38816456
24,2013-05-03,86770468.70080677
24,2013-05-10,92343552.94318429
24,2013-05-17,98866379.02782165
24,2013-05-24,103300360.79311699
24,2013-05-31,101290533.37421837
24,2013-06-07,98388905.92481335
24,2013-06-14,97906637.81027964
24,2013-06-21,104124479.56999354
24,2013-06-28,103905318.76778257
24,2013-07-05,106509423.91886677
24,2013-07-12,104164306.89606102
24,2013-07-19,102308418.77130125
24,2013-07-26,100347886.92903696
25,2012-11-02,48406997.70541649
25,2012-11-09,51498013.6222658
25,2012-11-16,56106934.28760679
25,2012-11-23,60781704.82760414
25,2012-11-30,66873884.96922047
25,2012-12-07,72179204.33474314
25,2012-12-14,74985814.16351895
25,2012-12-21,74226325.89353047
25,2012-12-28,63519701.56966901
25,2013-01-04,48554565.631017946
25,2013-01-11,40155897.22496335
25,2013-01-18,38146022.88966297
25,2013-01-25,41800357.035312496
25,2013-02-01,45337513.71162238
25,2013-02-08,45800835.11950453
25,2013-02-15,44243133.87317111
25,2013-02-22,43261615.72418672
25,2013-03-01,44466281.03815627
25,2013-03-08,45550143.559153624
25,2013-03-15,45491624.64477887
25,2013-03-22,47425068.706655785
25,2013-03-29,47493954.28527351
25,2013-04-05,49388663.11029052
25,2013-04-12,51000465.81948899
25,2013-04-19,50080008.65298526
25,2013-04-26,48493823.0819926
25,2013-05-03,49547399.37917248
25,2013-05-10,49639578.63000141
25,2013-05-17,51695230.11987821
25,2013-05-24,53537807.7823734
25,2013-05-31,53451939.51307631
25,2013-06-07,53958724.04073273
25,2013-06-14,53465471.489662595
25,2013-06-21,52267034.09909851
25,2013-06-28,52649189.008687794
25,2013-07-05,50761218.86056843
25,2013-07-12,49575244.937552206
25,2013-07-19,49536674.84827922
25,2013-07-26,49109857.3823534
26,2012-11-02,69222358.31457824
26,2012-11-09,71004946.94001693
26,2012-11-16,75547325.993501
26,2012-11-23,78215362.3138687
26,2012-11-30,77735074.81450965
26,2012-12-07,82464325.48980947
26,2012-12-14,91448799.3018077
26,2012-12-21,93749862.3511226
26,2012-12-28,86861347.15342437
26,2013-01-04,70900923.33497271
26,2013-01-11,58766166.72226926
26,2013-01-18,54408244.95013073
26,2013-01-25,59382226.274382025
26,2013-02-01,67683040.36491214
26,2013-02-08,72496278.29407051
26,2013-02-15,72713469.0928388
26,2013-02-22,68410538.10205294
26,2013-03-01,68310950.97474346
26,2013-03-08,67251243.32093029
26,2013-03-15,66836787.84717295
26,2013-03-22,65160037.159516
26,2013-03-29,67231909.22077623
26,2013-04-05,67473422.79039791
26,2013-04-12,70209800.16931903
26,2013-04-19,67369821.20106578
26,2013-04-26,66921117.77846939
26,2013-05-03,66395317.48838788
26,2013-05-10,70440163.36686717
26,2013-05-17,69887389.70571351
26,2013-05-24,74644985.63258334
26,2013-05-31,72784690.63205212
26,2013-06-07,71797728.01539092
26,2013-06-14,73576260.129777
26,2013-06-21,74465882.27894953
26,2013-06-28,74603589.14833023
26,2013-07-05,76438281.98357604
26,2013-07-12,76487185.98207954
26,2013-07-19,75071794.93482766
26,2013-07-26,75475561.44067706
27,2012-11-02,115196844.80419466
27,2012-11-09,121280183.78559917
27,2012-11-16,129753306.57545416
27,2012-11-23,137384676.35391697
27,2012-11-30,142371160.7483167
27,2012-12-07,152628024.24598405
27,2012-12-14,160137379.94807652
27,2012-12-21,159546543.946191
27,2012-12-28,146771969.00796455
27,2013-01-04,120985558.53265694
27,2013-01-11,93715781.25373182
27,2013-01-18,88392034.5742504
27,2013-01-25,93578475.4569625
27,2013-02-01,109241008.67152053
27,2013-02-08,113918324.30189528
27,2013-02-15,112358283.69608517
27,2013-02-22,107565920.68962665
27,2013-03-01,102266248.16257416
27,2013-03-08,103187313.6754947
27,2013-03-15,108237669.87433787
27,2013-03-22,110683035.66481923
27,2013-03-29,114690816.91936867
27,2013-04-05,118326107.33585018
27,2013-04-12,119541293.19783683
27,2013-04-19,118577667.19995981
27,2013-04-26,115737817.57909092
27,2013-05-03,113989929.68364024
27,2013-05-10,114623227.3594792
27,2013-05-17,121193130.72707744
27,2013-05-24,126590237.29569823
27,2013-05-31,125162176.11081901
27,2013-06-07,124046457.76325658
27,2013-06-14,122995767.66514105
27,2013-06-21,126053001.99207477
27,2013-06-28,128491298.5422009
27,2013-07-05,129273750.9095099
27,2013-07-12,121714354.52875426
27,2013-07-19,119155259.7046727
27,2013-07-26,114814538.61711167
28,2012-11-02,90334684.82354012
28,2012-11-09,99068177.42336223
28,2012-11-16,105436166.27037908
28,2012-11-23,106031555.71163704
28,2012-11-30,102833319.99917836
28,2012-12-07,104465631.79559791
28,2012-12-14,111469066.36529161
28,2012-12-21,114098677.73670754
28,2012-12-28,105477916.4428208
28,2013-01-04,93448891.01396112
28,2013-01-11,79246185.08361419
28,2013-01-18,74867375.3041369
28,2013-01-25,84916396.09532298
28,2013-02-01,98450314.92948055
28,2013-02-08,106851987.22489524
28,2013-02-15,107155594.18112095
28,2013-02-22,103773558.81849173
28,2013-03-01,99932884.6690128
28,2013-03-08,97332926.75095497
28,2013-03-15,94913039.55708578
28,2013-03-22,90674465.18205577
28,2013-03-29,88355746.3213006
28,2013-04-05,88910352.65722637
28,2013-04-12,91781849.4632084
28,2013-04-19,91854586.26230742
28,2013-04-26,88811159.34902638
28,2013-05-03,87112912.69689246
28,2013-05-10,85619825.58064847
28,2013-05-17,88606737.42721345
28,2013-05-24,87258355.57340594
28,2013-05-31,87996399.32312019
28,2013-06-07,88555514.62291607
28,2013-06-14,89207350.3092942
28,2013-06-21,90569407.31934138
28,2013-06-28,88175489.54882333
28,2013-07-05,86492581.20744376
28,2013-07-12,83197888.95700325
28,2013-07-19,85965861.63942654
28,2013-07-26,86142559.93372609
29,2012-11-02,32875954.512937818
29,2012-11-09,37130095.50955544
29,2012-11-16,40220416.7257163
29,2012-11-23,43058120.952296965
29,2012-11-30,45685501.540950514
29,2012-12-07,49211433.69081913
29,2012-12-14,55045153.75473182
29,2012-12-21,54289730.712489076
29,2012-12-28,46857088.44410678
29,2013-01-04,36500351.16734229
29,2013-01-11,26790587.671906985
29,2013-01-18,24472480.033417467
29,2013-01-25,28309403.969535362
29,2013-02-01,32926621.621718593
29,2013-02-08,34955174.86332351
29,2013-02-15,35033418.43811403
29,2013-02-22,33634235.992289744
29,2013-03-01,32027288.514762692
29,2013-03-08,32143153.265456058
29,2013-03-15,32228919.332868855
29,2013-03-22,32329355.128371097
29,2013-03-29,33052439.915405754
29,2013-04-05,34288254.483595274
29,2013-04-12,34932695.97143611
29,2013-04-19,34184796.60775975
29,2013-04-26,33227710.35987735
29,2013-05-03,33076718.28890051
29,2013-05-10,34504416.33896628
29,2013-05-17,36118156.82305418
29,2013-05-24,36484186.121490315
29,2013-05-31,35884318.78249205
29,2013-06-07,36313425.97216916
29,2013-06-14,37349867.72622313
29,2013-06-21,38003801.83779514
29,2013-06-28,36754155.61362568
29,2013-07-05,36218396.238524854
29,2013-07-12,34781485.95876708
29,2013-07-19,34125627.34634327
29,2013-07-26,33208883.909597665
30,2012-11-02,21642337.79016546
30,2012-11-09,22115460.060883988
30,2012-11-16,21937013.648338035
30,2012-11-23,21676421.255592935
30,2012-11-30,21187577.370037153
30,2012-12-07,22424822.715921517
30,2012-12-14,22537984.005315647
30,2012-12-21,22422447.0642518
30,2012-12-28,22311643.37611264
30,2013-01-04,22384638.79034636
30,2013-01-11,22153698.9669836
30,2013-01-18,23233840.217813358
30,2013-01-25,23168013.65594024
30,2013-02-01,23390553.17864444
30,2013-02-08,24679343.60749819
30,2013-02-15,25320878.26194334
30,2013-02-22,22845655.00303929
30,2013-03-01,22332631.886949524
30,2013-03-08,21786582.030439537
30,2013-03-15,22510186.66234519
30,2013-03-22,21510399.567891363
30,2013-03-29,22120547.864682086
30,2013-04-05,22021288.906797502
30,2013-04-12,22746953.05663598
30,2013-04-19,23183790.197369866
30,2013-04-26,24810261.04806595
30,2013-05-03,23785521.69952697
30,2013-05-10,22543040.806955274
30,2013-05-17,23655378.97124369
30,2013-05-24,23185433.11260431
30,2013-05-31,23424179.240193155
30,2013-06-07,23204867.281979255
30,2013-06-14,22720985.691596348
30,2013-06-21,22350719.26751686
30,2013-06-28,22337714.802099794
30,2013-07-05,23056883.489658684
30,2013-07-12,23295546.30246502
30,2013-07-19,23271284.47061695
30,2013-07-26,25688493.31911209
31,2012-11-02,96334515.21341544
31,2012-11-09,100755214.98845007
31,2012-11-16,107724322.5640962
31,2012-11-23,113475226.3040781
31,2012-11-30,111411126.02270748
31,2012-12-07,114184627.37877588
31,2012-12-14,120482111.64867276
31,2012-12-21,122499129.98959686
31,2012-12-28,117127832.17404692
31,2013-01-04,105262849.92177941
31,2013-01-11,91348330.31248575
31,2013-01-18,89366306.94571249
31,2013-01-25,96211121.74067706
31,2013-02-01,103485593.549222
31,2013-02-08,110155474.2645695
31,2013-02-15,112798526.84883389
31,2013-02-22,104934898.86804609
31,2013-03-01,102336863.1949294
31,2013-03-08,102581520.5397021
31,2013-03-15,101593480.43321688
31,2013-03-22,97541611.24014676
31,2013-03-29,99931898.94192854
31,2013-04-05,102395564.75759338
31,2013-04-12,105232962.18847181
31,2013-04-19,102188366.83570766
31,2013-04-26,98823006.27758262
31,2013-05-03,98356202.34119822
31,2013-05-10,99858134.71454678
31,2013-05-17,101851875.84986492
31,2013-05-24,102396421.52706146
31,2013-05-31,102961021.74088807
31,2013-06-07,103931554.81372917
31,2013-06-14,102111937.08818717
31,2013-06-21,100661083.9605202
31,2013-06-28,97398317.75833152
31,2013-07-05,99014680.63388953
31,2013-07-12,94758420.91248097
31,2013-07-19,98241454.75524485
31,2013-07-26,97181326.3001931
32,2012-11-02,88395259.70204575
32,2012-11-09,91126931.98461203
32,2012-11-16,92815458.01289456
32,2012-11-23,96849487.16130917
32,2012-11-30,102223598.11889333
32,2012-12-07,110901170.0362862
32,2012-12-14,118220574.58823222
32,2012-12-21,118821114.41477472
32,2012-12-28,103930986.23286662
32,2013-01-04,86061373.38616718
32,2013-01-11,75203654.89763404
32,2013-01-18,73192090.81783551
32,2013-01-25,78722965.72711581
32,2013-02-01,84755492.92260449
32,2013-02-08,85373991.44604671
32,2013-02-15,83804330.44475909
32,2013-02-22,81064511.895726
32,2013-03-01,81145155.976851
32,2013-03-08,82918211.00472715
32,2013-03-15,82628433.40432006
32,2013-03-22,81923392.94336444
32,2013-03-29,82278396.63243589
32,2013-04-05,85089519.2820356
32,2013-04-12,85242324.29620034
32,2013-04-19,85044531.0291028
32,2013-04-26,85126225.38914062
32,2013-05-03,84860442.94542517
32,2013-05-10,86231316.52805226
32,2013-05-17,88186816.36932802
32,2013-05-24,88054771.20029972
32,2013-05-31,86970379.48674536
32,2013-06-07,89655705.20427826
32,2013-06-14,90193464.14512153
32,2013-06-21,87743202.96107332
32,2013-06-28,89074443.00117481
32,2013-07-05,87014957.26531896
32,2013-07-12,84378101.58022952
32,2013-07-19,84503944.77238545
32,2013-07-26,85754221.77437153
33,2012-11-02,11067747.749464933
33,2012-11-09,11765896.147161085
33,2012-11-16,11400645.234678287
33,2012-11-23,11903749.189981924
33,2012-11-30,11476333.902700359
33,2012-12-07,11387307.349931892
33,2012-12-14,11755561.13110761
33,2012-12-21,12233693.579815617
33,2012-12-28,11828491.528618462
33,2013-01-04,11822281.467693586
33,2013-01-11,11258117.165673023
33,2013-01-18,12394683.370920034
33,2013-01-25,12261144.881062342
33,2013-02-01,12658272.205555541
33,2013-02-08,12482216.533681458
33,2013-02-15,12913724.618731411
33,2013-02-22,13130075.369153189
33,2013-03-01,12981868.570995217
33,2013-03-08,13192378.422927596
33,2013-03-15,12398279.969207957
33,2013-03-22,12004632.809894888
33,2013-03-29,13024689.745369587
33,2013-04-05,13692494.54837835
33,2013-04-12,13665951.93386587
33,2013-04-19,13947856.639100634
33,2013-04-26,13505665.936324816
33,2013-05-03,13503485.239391195
33,2013-05-10,13408276.615660243
33,2013-05-17,13281216.044290429
33,2013-05-24,12892533.745449599
33,2013-05-31,12286397.289648492
33,2013-06-07,13438774.335749913
33,2013-06-14,12807499.178104617
33,2013-06-21,12634336.234025097
33,2013-06-28,12989160.536916953
33,2013-07-05,13766904.88904399
33,2013-07-12,12774950.865882883
33,2013-07-19,12727755.188750528
33,2013-07-26,12743183.767637964
34,2012-11-02,71675336.76329406
34,2012-11-09,76339273.86530893
34,2012-11-16,75949169.0973576
34,2012-11-23,78331077.19149339
34,2012-11-30,78977828.84387772
34,2012-12-07,83425893.64967111
34,2012-12-14,90652141.76168613
34,2012-12-21,94489524.97730319
34,2012-12-28,87842867.20536219
34,2013-01-04,76002169.75502242
34,2013-01-11,64600828.16689065
34,2013-01-18,59594727.4340399
34,2013-01-25,64442896.13071228
34,2013-02-01,70486771.50612518
34,2013-02-08,74674540.49450152
34,2013-02-15,76541092.32682835
34,2013-02-22,72103442.3151299
34,2013-03-01,71512738.08440782
34,2013-03-08,70057301.40617226
34,2013-03-15,71679487.85881665
34,2013-03-22,69108117.8356559
34,2013-03-29,70223323.20683615
34,2013-04-05,72511150.47381163
34,2013-04-12,73776179.67428438
34,2013-04-19,74458802.84136406
34,2013-04-26,68662986.67722957
34,2013-05-03,69344880.78701285
34,2013-05-10,71912461.53892723
34,2013-05-17,71736815.80108786
34,2013-05-24,72766313.75635532
34,2013-05-31,72170992.85244891
34,2013-06-07,69044986.41998608
34,2013-06-14,70827520.66424605
34,2013-06-21,69378920.82955323
34,2013-06-28,71311252.21196161
34,2013-07-05,70861941.27855557
34,2013-07-12,70098533.7302051
34,2013-07-19,66912006.16542572
34,2013-07-26,68227124.82374386
35,2012-11-02,47508359.542404495
35,2012-11-09,56425206.328267135
35,2012-11-16,66348919.972306415
35,2012-11-23,74162675.04991296
35,2012-11-30,78196704.4658463
35,2012-12-07,76934274.15278147
35,2012-12-14,79822785.64461583
35,2012-12-21,81497784.62803358
35,2012-12-28,72814588.94762973
35,2013-01-04,53046270.89445275
35,2013-01-11,39928049.37494098
35,2013-01-18,33990034.257501334
35,2013-01-25,40383334.943809494
35,2013-02-01,50327196.0319662
35,2013-02-08,57280158.92514422
35,2013-02-15,57549887.61373585
35,2013-02-22,53020566.29871977
35,2013-03-01,53289402.97476421
35,2013-03-08,53944534.02011658
35,2013-03-15,55138717.18543231
35,2013-03-22,52645489.26116759
35,2013-03-29,53059085.63776863
35,2013-04-05,53776799.804554455
35,2013-04-12,57385705.26996965
35,2013-04-19,56303826.761526816
35,2013-04-26,54095792.99430927
35,2013-05-03,52841546.52242567
35,2013-05-10,54877185.5126564
35,2013-05-17,58841845.9043585
35,2013-05-24,61980012.464717574
35,2013-05-31,62229457.74691106
35,2013-06-07,57607195.629198454
35,2013-06-14,62789825.85148128
35,2013-06-21,62176020.61046728
35,2013-06-28,63318909.69544607
35,2013-07-05,62718282.633831166
35,2013-07-12,59015694.70595999
35,2013-07-19,58650779.39607653
35,2013-07-26,60280716.76247214
36,2012-11-02,11604561.511394216
36,2012-11-09,11633532.232416999
36,2012-11-16,11369393.815438183
36,2012-11-23,10933142.481903004
36,2012-11-30,11721500.19121991
36,2012-12-07,10880980.14755304
36,2012-12-14,11258026.791833034
36,2012-12-21,12417097.85073216
36,2012-12-28,11833787.052726174
36,2013-01-04,10874751.242967978
36,2013-01-11,11787276.840255063
36,2013-01-18,11410518.414492153
36,2013-01-25,10854899.28953305
36,2013-02-01,11490613.38763526
36,2013-02-08,11747273.007304253
36,2013-02-15,11220405.727702798
36,2013-02-22,11270310.890987229
36,2013-03-01,11259577.025333952
36,2013-03-08,10548187.515707858
36,2013-03-15,11261829.44562271
36,2013-03-22,10855152.252263075
36,2013-03-29,10748521.823360523
36,2013-04-05,10774103.49121883
36,2013-04-12,11681901.00382679
36,2013-04-19,11805857.25712053
36,2013-04-26,11083154.078216195
36,2013-05-03,10784742.072253594
36,2013-05-10,11413610.781824224
36,2013-05-17,12530418.056029491
36,2013-05-24,11172286.869939405
36,2013-05-31,10772401.52936268
36,2013-06-07,11240724.626424646
36,2013-06-14,10824605.390212687
36,2013-06-21,10817841.15806655
36,2013-06-28,10823596.182265718
36,2013-07-05,9763231.723528137
36,2013-07-12,10562966.084656317
36,2013-07-19,10490360.068734035
36,2013-07-26,10755584.29742778
37,2012-11-02,28071434.193342388
37,2012-11-09,27575265.513869606
37,2012-11-16,29328049.34557422
37,2012-11-23,26797775.35911936
37,2012-11-30,29040552.06842004
37,2012-12-07,29765852.96345486
37,2012-12-14,30416363.526751164
37,2012-12-21,30364894.097446516
37,2012-12-28,28103906.045622572
37,2013-01-04,28163128.305909187
37,2013-01-11,27257973.80849448
37,2013-01-18,28383809.654999636
37,2013-01-25,28810770.161074698
37,2013-02-01,28782636.46849015
37,2013-02-08,29086889.959890243
37,2013-02-15,28391961.973361112
37,2013-02-22,27724811.859367933
37,2013-03-01,28396361.4027666
37,2013-03-08,29806076.65963146
37,2013-03-15,27812593.1339883
37,2013-03-22,28159165.413019303
37,2013-03-29,28553807.747630175
37,2013-04-05,28180653.571429845
37,2013-04-12,27064945.828138113
37,2013-04-19,26567946.819235645
37,2013-04-26,26228638.565354005
37,2013-05-03,26387956.148573898
37,2013-05-10,26741258.4455227
37,2013-05-17,26759526.523615588
37,2013-05-24,27394274.51956212
37,2013-05-31,25795531.24111124
37,2013-06-07,25563275.358793214
37,2013-06-14,25587020.802726805
37,2013-06-21,25562859.08752508
37,2013-06-28,25885454.63988894
37,2013-07-05,25714307.227391385
37,2013-07-12,26292196.611418128
37,2013-07-19,25968875.831629146
37,2013-07-26,27058680.62688308
38,2012-11-02,23604347.3390848
38,2012-11-09,24210625.967061695
38,2012-11-16,25347090.113674194
38,2012-11-23,24140429.4828393
38,2012-11-30,24147811.378703292
38,2012-12-07,24966786.874881078
38,2012-12-14,25306959.78323533
38,2012-12-21,24769303.923392322
38,2012-12-28,23403226.952482063
38,2013-01-04,23982540.42197439
38,2013-01-11,22933011.96719717
38,2013-01-18,24763386.671505075
38,2013-01-25,25168100.061012913
38,2013-02-01,23468090.8472531
38,2013-02-08,25908195.298002936
38,2013-02-15,24942491.093690883
38,2013-02-22,24949473.38287634
38,2013-03-01,24919587.44315114
38,2013-03-08,24801307.23084776
38,2013-03-15,23240752.903042752
38,2013-03-22,23698936.590812296
38,2013-03-29,24311336.924796697
38,2013-04-05,24471836.45474445
38,2013-04-12,24499350.15142228
38,2013-04-19,23451652.73768892
38,2013-04-26,23417510.449412674
38,2013-05-03,23542356.49688835
38,2013-05-10,24688395.80169442
38,2013-05-17,23260119.197572395
38,2013-05-24,22600394.102465916
38,2013-05-31,22874732.572547093
38,2013-06-07,21888709.86528162
38,2013-06-14,22481723.93682276
38,2013-06-21,22542807.65293008
38,2013-06-28,23852917.502723783
38,2013-07-05,23203749.52906157
38,2013-07-12,23725816.18289344
38,2013-07-19,23572360.705818985
38,2013-07-26,23901361.652696628
39,2012-11-02,109991670.24888936
39,2012-11-09,117449260.51406997
39,2012-11-16,123102555.34720808
39,2012-11-23,130378629.70082043
39,2012-11-30,134096742.45083433
39,2012-12-07,144218150.9536623
39,2012-12-14,150007012.71507066
39,2012-12-21,150355372.7664418
39,2012-12-28,140364186.67492452
39,2013-01-04,118042398.170456
39,2013-01-11,100460533.0564428
39,2013-01-18,91815383.33332574
39,2013-01-25,98325468.32117912
39,2013-02-01,107781720.43254234
39,2013-02-08,111047526.30641466
39,2013-02-15,109076883.99153817
39,2013-02-22,106653293.77745137
39,2013-03-01,105828413.92145936
39,2013-03-08,110258088.01378061
39,2013-03-15,112215224.77694066
39,2013-03-22,109204568.34988777
39,2013-03-29,114624164.39160061
39,2013-04-05,118516114.85601194
39,2013-04-12,119153745.36543806
39,2013-04-19,117045136.37496904
39,2013-04-26,113698298.12232204
39,2013-05-03,110511542.35471094
39,2013-05-10,112430479.26185094
39,2013-05-17,116421399.77564114
39,2013-05-24,119278686.17337428
39,2013-05-31,123131117.7374717
39,2013-06-07,122357928.06891464
39,2013-06-14,120389740.79574743
39,2013-06-21,118810896.94225347
39,2013-06-28,116203885.43730178
39,2013-07-05,117241985.24227904
39,2013-07-12,116865368.8743313
39,2013-07-19,117152469.90868936
39,2013-07-26,118375459.28253815
40,2012-11-02,67909293.58623098
40,2012-11-09,71008842.04733744
40,2012-11-16,72065821.12046579
40,2012-11-23,73953363.2202732
40,2012-11-30,76807761.87127562
40,2012-12-07,85217932.12708166
40,2012-12-14,92467384.17295785
40,2012-12-21,94637470.47607316
40,2012-12-28,87063011.21125062
40,2013-01-04,69852192.71065587
40,2013-01-11,55683639.834300205
40,2013-01-18,52502161.33274755
40,2013-01-25,57599056.049333
40,2013-02-01,67303201.97718377
40,2013-02-08,71162505.55702804
40,2013-02-15,70395182.78926203
40,2013-02-22,65515001.16338618
40,2013-03-01,65668854.11733475
40,2013-03-08,65431830.06246929
40,2013-03-15,64558656.30833236
40,2013-03-22,62658349.77868778
40,2013-03-29,63086370.78055045
40,2013-04-05,66809967.40500617
40,2013-04-12,68057339.0405029
40,2013-04-19,68037045.4914967
40,2013-04-26,64958342.35617941
40,2013-05-03,64426811.12776781
40,2013-05-10,67650452.64248988
40,2013-05-17,71084975.10146905
40,2013-05-24,73076372.97236164
40,2013-05-31,72060188.34834789
40,2013-06-07,72840030.97579737
40,2013-06-14,72791634.67358047
40,2013-06-21,75501707.97110222
40,2013-06-28,74029782.14898118
40,2013-07-05,75291621.57862425
40,2013-07-12,69762376.686619
40,2013-07-19,74208032.97263019
40,2013-07-26,70767704.4184084
41,2012-11-02,97482130.77248709
41,2012-11-09,103291501.01179188
41,2012-11-16,108224220.73293155
41,2012-11-23,111377738.20700148
41,2012-11-30,114464012.47975545
41,2012-12-07,124957141.01535656
41,2012-12-14,134397742.05774537
41,2012-12-21,135853955.35925487
41,2012-12-28,125835035.7480166
41,2013-01-04,99532034.16232899
41,2013-01-11,85649007.28242874
41,2013-01-18,79627463.13971739
41,2013-01-25,84107276.88166496
41,2013-02-01,94554032.0758168
41,2013-02-08,97862914.9321357
41,2013-02-15,96389371.3855552
41,2013-02-22,92995659.123585
41,2013-03-01,92884792.34439039
41,2013-03-08,92223002.45630127
41,2013-03-15,93277030.36793774
41,2013-03-22,92752714.70274545
41,2013-03-29,95390174.97540244
41,2013-04-05,98571533.62433197
41,2013-04-12,100898726.66392139
41,2013-04-19,98773861.5257158
41,2013-04-26,96424802.06708126
41,2013-05-03,97360841.24775028
41,2013-05-10,100489723.54418807
41,2013-05-17,103428124.34372956
41,2013-05-24,107117588.46577193
41,2013-05-31,103380947.38764141
41,2013-06-07,105102857.84553249
41,2013-06-14,104057261.85369357
41,2013-06-21,105543058.19412205
41,2013-06-28,102707613.70506841
41,2013-07-05,105293263.53718354
41,2013-07-12,98795522.5886307
41,2013-07-19,103274202.52340943
41,2013-07-26,105946129.80284667
42,2012-11-02,28593719.499418445
42,2012-11-09,30342174.864868872
42,2012-11-16,29491662.00510194
42,2012-11-23,29400256.905705657
42,2012-11-30,29050483.72803184
42,2012-12-07,29922933.203089233
42,2012-12-14,29801972.335898243
42,2012-12-21,28654432.428844355
42,2012-12-28,28788969.724825244
42,2013-01-04,30305681.271415498
42,2013-01-11,29655271.95963225
42,2013-01-18,30816008.56925899
42,2013-01-25,30461878.812887974
42,2013-02-01,30376655.914419584
42,2013-02-08,31428544.667657286
42,2013-02-15,33294517.97979809
42,2013-02-22,31657427.75117905
42,2013-03-01,32383152.92915123
42,2013-03-08,30289495.81578666
42,2013-03-15,31092897.616555512
42,2013-03-22,29612628.90077776
42,2013-03-29,32098987.311149087
42,2013-04-05,31109530.636740796
42,2013-04-12,31188785.04618109
42,2013-04-19,31056858.577169687
42,2013-04-26,31510174.220415737
42,2013-05-03,32107679.302166827
42,2013-05-10,30354917.413636528
42,2013-05-17,30920486.440611437
42,2013-05-24,30144387.357035726
42,2013-05-31,30016011.71019897
42,2013-06-07,30056685.229648177
42,2013-06-14,30160850.3438224
42,2013-06-21,30715373.504002642
42,2013-06-28,29275606.12063209
42,2013-07-05,28458474.0322312
42,2013-07-12,29623329.54168991
42,2013-07-19,29747891.614119545
42,2013-07-26,29775207.737238817
43,2012-11-02,28512446.490219146
43,2012-11-09,28292497.88338187
43,2012-11-16,27244849.372551993
43,2012-11-23,27482595.618929967
43,2012-11-30,29398989.854279894
43,2012-12-07,28774183.458415255
43,2012-12-14,26939052.952166457
43,2012-12-21,27553241.856064226
43,2012-12-28,28148791.148000956
43,2013-01-04,28637822.003090087
43,2013-01-11,28481773.50588925
43,2013-01-18,28459322.321788773
43,2013-01-25,27489986.71743358
43,2013-02-01,27871559.994063232
43,2013-02-08,29453678.223695643
43,2013-02-15,29021742.473311532
43,2013-02-22,28999334.50669206
43,2013-03-01,28843837.996419627
43,2013-03-08,27434006.554715462
43,2013-03-15,29136933.799808025
43,2013-03-22,28564331.622452628
43,2013-03-29,27549419.456465967
43,2013-04-05,28430817.29344925
43,2013-04-12,29836622.676531974
43,2013-04-19,29816731.063396774
43,2013-04-26,29720374.496910308
43,2013-05-03,29113726.08344659
43,2013-05-10,30512678.64522353
43,2013-05-17,29384952.75542035
43,2013-05-24,29897731.789686587
43,2013-05-31,32061044.104669668
43,2013-06-07,29993449.52508359
43,2013-06-14,30714579.06569146
43,2013-06-21,30437085.26491675
43,2013-06-28,31267472.328890745
43,2013-07-05,31680696.253750574
43,2013-07-12,29907341.793745287
43,2013-07-19,30008750.77314754
43,2013-07-26,29252411.183371242
44,2012-11-02,17542152.65536104
44,2012-11-09,18517138.571557812
44,2012-11-16,18002472.6444924
44,2012-11-23,17901291.12304182
44,2012-11-30,17703763.848336387
44,2012-12-07,18423651.968147974
44,2012-12-14,19493041.09188117
44,2012-12-21,19567319.2143923
44,2012-12-28,18995818.304725148
44,2013-01-04,18751620.939120453
44,2013-01-11,18004588.854798842
44,2013-01-18,18127350.64875851
44,2013-01-25,18941994.774961513
44,2013-02-01,18962153.415772866
44,2013-02-08,19717537.125880428
44,2013-02-15,19174178.751596868
44,2013-02-22,19014602.591539435
44,2013-03-01,18629270.20669685
44,2013-03-08,18991852.88191413
44,2013-03-15,18961242.570123658
44,2013-03-22,18914886.816681992
44,2013-03-29,19276611.5452357
44,2013-04-05,18649561.790560946
44,2013-04-12,18380853.888026237
44,2013-04-19,18464146.586318515
44,2013-04-26,18965826.808011092
44,2013-05-03,18851969.92995946
44,2013-05-10,18760352.626231987
44,2013-05-17,20053192.452593997
44,2013-05-24,19349973.79678858
44,2013-05-31,20071699.327417865
44,2013-06-07,19733482.810933024
44,2013-06-14,19846767.89399826
44,2013-06-21,18832006.757321276
44,2013-06-28,20376805.870213162
44,2013-07-05,19196453.48136443
44,2013-07-12,19840790.011677478
44,2013-07-19,20435016.45432093
44,2013-07-26,19161131.42337645
45,2012-11-02,51468832.95748457
45,2012-11-09,55869234.03719319
45,2012-11-16,57356774.137847975
45,2012-11-23,59695245.31837029
45,2012-11-30,63524421.22230302
45,2012-12-07,73692986.24788246
45,2012-12-14,80174647.82235776
45,2012-12-21,82010614.66660812
45,2012-12-28,72827057.11376452
45,2013-01-04,57440954.309820026
45,2013-01-11,43601130.20761656
45,2013-01-18,39712348.15098303
45,2013-01-25,45534657.26005665
45,2013-02-01,52096411.59649543
45,2013-02-08,53766055.9091264
45,2013-02-15,55165868.19376345
45,2013-02-22,52426627.87388282
45,2013-03-01,51301203.33776006
45,2013-03-08,52772613.06254099
45,2013-03-15,52238758.77358027
45,2013-03-22,52788870.779293
45,2013-03-29,53283039.91760416
45,2013-04-05,54725807.49212803
45,2013-04-12,54832853.55499683
45,2013-04-19,54746307.156477265
45,2013-04-26,53516338.14068691
45,2013-05-03,50981591.12104866
45,2013-05-10,52028284.556179136
45,2013-05-17,55607883.04031988
45,2013-05-24,55115368.955045685
45,2013-05-31,55017435.851722345
45,2013-06-07,54780998.08382741
45,2013-06-14,55148366.61456375
45,2013-06-21,54609416.43980228
45,2013-06-28,54556062.950345874
45,2013-07-05,51051767.41845208
45,2013-07-12,50911800.964989156
45,2013-07-19,50240282.711379945
45,2013-07-26,49299032.811969675
